model,source,secondary_structure,pearson_r_naive
R2307TS419_1,casp17,.((((((((((((....)))))((((....)))).[[[[[)))))))..(((((((((]]]]].(((....))).((((((....))))))))))))))),0.8834498834498834
R2307TS419_3,casp17,.((((((((((((....)))))((((....)))).[[[[[)))))))..(((((((((]]]]].(((....))).((((((....))))))))))))))),0.8834498834498834
Mol9.out.rms.5,farfar2,(((((((((((((....)))))((((....)))).[[[[[)))))))).(((((((((]]]]]((((....))))((((((....))))))))))))))),0.8821964123582838
Mol9.out.10,farfar2,(((((((((((((....)))))((((....)))).[[[[[)))))))).(((((((((]]]]]((((....))))((((((....))))))))))))))),0.8821964123582838
Mol9.out.rms.4,farfar2,(((((((((((((....)))))((((....)))).[[[[[)))))))).(((((((((]]]]]((((....))))((((((....))))))))))))))),0.8821964123582838
Mol9.out.rms.2,farfar2,(((((((((((((....)))))((((....)))).[[[[[)))))))).(((((((((]]]]]((((....))))((((((....))))))))))))))),0.8821964123582838
Mol9.out.3,farfar2,(((((((((((((....)))))((((....)))).[[[[[)))))))).(((((((((]]]]]((((....))))((((((....))))))))))))))),0.8821964123582838
R2307TS170_2,casp17,.((((((((((((....)))))((((....)))).[[[[[)))))))...((((((((]]]]].(((....))).((((((....)))))))))))))).,0.8320257192719198
R2307TS034_1,casp17,..(((((((((((....)))))((((....)))).[[[[[))))))...(((((((((]]]]].(((....))).((((((....))))))))))))))),0.8320257192719197
R2307TS034_2,casp17,..(((((((((((....)))))((((....)))).[[[[[))))))...(((((((((]]]]].(((....))).((((((....))))))))))))))),0.8320257192719197
R2307TS034_5,casp17,..(((((((((((....)))))((((....)))).[[[[[))))))...(((((((((]]]]].(((....))).((((((....))))))))))))))),0.8320257192719197
R2307TS552_3,casp17,.((((((((((((....)))))((((....)))).[[[[[)))))))..(((((((((]]]]]((((....))))((((((....))))))))))))))),0.8207677342949549
R2307TS585_1,casp17,.((((((((((((....)))))((((....)))).[[[[[)))))))..(((((((((]]]]]((((....))))((((((....))))))))))))))),0.8207677342949549
R2307TS585_2,casp17,.((((((((((((....)))))((((....)))).[[[[[)))))))..(((((((((]]]]]((((....))))((((((....))))))))))))))),0.8207677342949549
R2307TS585_5,casp17,.((((((((((((....)))))((((....)))).[[[[[)))))))..(((((((((]]]]]((((....))))((((((....))))))))))))))),0.8207677342949549
R2307TS585_3,casp17,.((((((((((((....)))))((((....)))).[[[[[)))))))..(((((((((]]]]]((((....))))((((((....))))))))))))))),0.8207677342949549
R2307TS585_4,casp17,.((((((((((((....)))))((((....)))).[[[[[)))))))..(((((((((]]]]]((((....))))((((((....))))))))))))))),0.8207677342949549
R2307TS591_1,casp17,.((((((((((((....)))))((((....)))).[[[[[)))))))..(((((((((]]]]]((((....))))((((((....))))))))))))))),0.8207677342949549
R2307TS591_2,casp17,.((((((((((((....)))))((((....)))).[[[[[)))))))..(((((((((]]]]]((((....))))((((((....))))))))))))))),0.8207677342949549
R2307TS591_3,casp17,.((((((((((((....)))))((((....)))).[[[[[)))))))..(((((((((]]]]]((((....))))((((((....))))))))))))))),0.8207677342949549
R2307TS591_4,casp17,.((((((((((((....)))))((((....)))).[[[[[)))))))..(((((((((]]]]]((((....))))((((((....))))))))))))))),0.8207677342949549
R2307TS552_2,casp17,.((((((((((((....)))))((((....)))).[[[[[)))))))..(((((((((]]]]]((((....))))((((((....))))))))))))))),0.8207677342949549
R2307TS522_4,casp17,.((((((((((((....)))))((((....)))).[[[[[)))))))..(((((((((]]]]]((((....))))((((((....))))))))))))))),0.8207677342949549
R2307TS552_1,casp17,.((((((((((((....)))))((((....)))).[[[[[)))))))..(((((((((]]]]]((((....))))((((((....))))))))))))))),0.8207677342949549
R2307TS531_4,casp17,.((((((((((((....)))))((((....)))).((((()))))))..((((((((()))))((((....))))((((((....))))))))))))))),0.8207677342949549
R2307TS531_2,casp17,.((((((((((((....)))))((((....)))).[[[[[)))))))..(((((((((]]]]]((((....))))((((((....))))))))))))))),0.8207677342949549
R2307TS597_3,casp17,.((((((((((((....)))))((((....)))).[[[[[)))))))..(((((((((]]]]]((((....))))((((((....))))))))))))))),0.8207677342949549
R2307TS522_3,casp17,.((((((((((((....)))))((((....)))).[[[[[)))))))..(((((((((]]]]]((((....))))((((((....))))))))))))))),0.8207677342949549
R2307TS522_2,casp17,.((((((((((((....)))))((((....)))).[[[[[)))))))..(((((((((]]]]]((((....))))((((((....))))))))))))))),0.8207677342949549
R2307TS521_5,casp17,.((((((((((((....)))))((((....)))).[[[[[)))))))..(((((((((]]]]]((((....))))((((((....))))))))))))))),0.8207677342949549
R2307TS521_4,casp17,.((((((((((((....)))))((((....)))).[[[[[)))))))..(((((((((]]]]]((((....))))((((((....))))))))))))))),0.8207677342949549
R2307TS521_3,casp17,.((((((((((((....)))))((((....)))).[[[[[)))))))..(((((((((]]]]]((((....))))((((((....))))))))))))))),0.8207677342949549
R2307TS521_2,casp17,.((((((((((((....)))))((((....)))).[[[[[)))))))..(((((((((]]]]]((((....))))((((((....))))))))))))))),0.8207677342949549
R2307TS521_1,casp17,.((((((((((((....)))))((((....)))).[[[[[)))))))..(((((((((]]]]]((((....))))((((((....))))))))))))))),0.8207677342949549
R2307TS494_2,casp17,.((((((((((((....)))))((((....)))).[[[[[)))))))..(((((((((]]]]]((((....))))((((((....))))))))))))))),0.8207677342949549
R2307TS591_5,casp17,.((((((((((((....)))))((((....)))).[[[[[)))))))..(((((((((]]]]]((((....))))((((((....))))))))))))))),0.8207677342949549
R2307TS697_3,casp17,.((((((((((((....)))))((((....)))).[[[[[)))))))..(((((((((]]]]]((((....))))((((((....))))))))))))))),0.8207677342949549
R2307TS597_4,casp17,.((((((((((((....)))))((((....)))).[[[[[)))))))..(((((((((]]]]]((((....))))((((((....))))))))))))))),0.8207677342949549
R2307TS625_3,casp17,.((((((((((((....)))))((((....)))).[[[[[)))))))..(((((((((]]]]]((((....))))((((((....))))))))))))))),0.8207677342949549
Mol9.out.rms.3,farfar2,(((((((((((((....)))))((((....)))).[[[[[)))))))).((((((((.]]]]]((((....))))((((((....)))))).)))))))),0.8207677342949549
Mol9.out.rms.1,farfar2,(((((((((((((....)))))((((....)))).[[[[[)))))))).((((((((.]]]]]((((....))))((((((....)))))).)))))))),0.8207677342949549
Mol9.out.9,farfar2,(((((((.(((((....)))))((((....)))).[[[[[.))))))).(((((((((]]]]]((((....))))((((((....))))))))))))))),0.8207677342949549
Mol9.out.7,farfar2,(((((((.(((((....)))))((((....)))).[[[[[.))))))).(((((((((]]]]]((((....))))((((((....))))))))))))))),0.8207677342949549
Mol9.out.6,farfar2,(((((((.(((((....)))))((((....)))).[[[[[[))))))).((((((((]]]]]]((((....))))((((((....)))))).)))))))),0.8207677342949549
Mol9.out.4,farfar2,(((((((((((((....)))))((((....)))).[[[[[)))))))).((((((((.]]]]]((((....))))((((((....)))))).)))))))),0.8207677342949549
Mol9.out.2,farfar2,(((((((((((((....)))))((((....)))).[[[[[)))))))).((((((((.]]]]]((((....))))((((((....)))))).)))))))),0.8207677342949549
Mol9.out.1,farfar2,(((((((((((((....)))))((((....)))).[[[[[)))))))).((((((((.]]]]]((((....))))((((((....)))))).)))))))),0.8207677342949549
R2307TS872_5,casp17,.((((((((((((....)))))((((....)))).[[[[[)))))))..(((((((((]]]]]((((....))))((((((....))))))))))))))),0.8207677342949549
R2307TS872_4,casp17,.((((((((((((....)))))((((....)))).[[[[[)))))))..(((((((((]]]]]((((....))))((((((....))))))))))))))),0.8207677342949549
R2307TS872_3,casp17,.((((((((((((....)))))((((....)))).[[[[[)))))))..(((((((((]]]]]((((....))))((((((....))))))))))))))),0.8207677342949549
R2307TS872_2,casp17,.((((((((((((....)))))((((....)))).[[[[[)))))))..(((((((((]]]]]((((....))))((((((....))))))))))))))),0.8207677342949549
R2307TS872_1,casp17,.((((((((((((....)))))((((....)))).[[[[[)))))))..(((((((((]]]]]((((....))))((((((....))))))))))))))),0.8207677342949549
R2307TS841_5,casp17,.((((((((((((....)))))((((....)))).[[[[[)))))))..(((((((((]]]]]((((....))))((((((....))))))))))))))),0.8207677342949549
R2307TS841_3,casp17,.((((((((((((....)))))((((....)))).[[[[[)))))))..(((((((((]]]]]((((....))))((((((....))))))))))))))),0.8207677342949549
R2307TS841_2,casp17,.((((((((((((....)))))((((....)))).[[[[[)))))))..(((((((((]]]]]((((....))))((((((....))))))))))))))),0.8207677342949549
R2307TS755_4,casp17,.((((((((((((....)))))((((....)))).[[[[[)))))))..(((((((((]]]]]((((....))))((((((....))))))))))))))),0.8207677342949549
R2307TS755_2,casp17,.((((((((((((....)))))((((....)))).[[[[[)))))))..(((((((((]]]]]((((....))))((((((....))))))))))))))),0.8207677342949549
R2307TS738_4,casp17,.((((((((((((....)))))((((....)))).[[[[[)))))))..(((((((((]]]]]((((....))))((((((....))))))))))))))),0.8207677342949549
R2307TS738_2,casp17,.((((((((((((....)))))((((....)))).[[[[[)))))))..(((((((((]]]]]((((....))))((((((....))))))))))))))),0.8207677342949549
R2307TS738_1,casp17,.((((((((((((....)))))((((....)))).[[[[[)))))))..(((((((((]]]]]((((....))))((((((....))))))))))))))),0.8207677342949549
R2307TS697_5,casp17,.((((((((((((....)))))((((....)))).[[[[[)))))))..(((((((((]]]]]((((....))))((((((....))))))))))))))),0.8207677342949549
R2307TS468_5,casp17,.((((((((((((....)))))((((....)))).[[[[[)))))))..(((((((((]]]]]((((....))))((((((....))))))))))))))),0.8207677342949549
R2307TS697_2,casp17,.((((((((((((....)))))((((....)))).[[[[[)))))))..(((((((((]]]]]((((....))))((((((....))))))))))))))),0.8207677342949549
R2307TS697_1,casp17,.((((((((((((....)))))((((....)))).[[[[[)))))))..(((((((((]]]]]((((....))))((((((....))))))))))))))),0.8207677342949549
R2307TS488_4,casp17,.((((((((((((....)))))((((....)))).[[[[[)))))))..(((((((((]]]]]((((....))))((((((....))))))))))))))),0.8207677342949549
R2307TS531_1,casp17,.((((((((((((....)))))((((....)))).[[[[[)))))))..(((((((((]]]]]((((....))))((((((....))))))))))))))),0.8207677342949549
R2307TS315_1,casp17,.((((((((((((....)))))((((....)))).[[[[[)))))))..(((((((((]]]]]((((....))))((((((....))))))))))))))),0.8207677342949549
R2307TS177_2,casp17,.((((((((((((....)))))((((....)))).[[[[[)))))))..(((((((((]]]]]((((....))))((((((....))))))))))))))),0.8207677342949549
R2307TS078_4,casp17,.((((((((((((....)))))((((....)))).[[[[[)))))))..(((((((((]]]]]((((....))))((((((....))))))))))))))),0.8207677342949549
R2307TS161_1,casp17,.((((((((((((....)))))((((....)))).[[[[[)))))))..(((((((((]]]]]((((....))))((((((....))))))))))))))),0.8207677342949549
R2307TS403_4,casp17,.((((((((((((....)))))((((....)))).[[[[[)))))))..(((((((((]]]]]((((....))))((((((....))))))))))))))),0.8207677342949549
R2307TS403_1,casp17,.((((((((((((....)))))((((....)))).[[[[[)))))))..(((((((((]]]]]((((....))))((((((....))))))))))))))),0.8207677342949549
R2307TS161_4,casp17,.((((((((((((....)))))((((....)))).[[[[[)))))))..(((((((((]]]]]((((....))))((((((....))))))))))))))),0.8207677342949549
R2307TS170_4,casp17,.((((((((((((....)))))((((....)))).[[[[[)))))))..(((((((((]]]]]((((....))))((((((....))))))))))))))),0.8207677342949549
R2307TS177_4,casp17,.((((((((((((....)))))((((....)))).[[[[[)))))))..(((((((((]]]]]((((....))))((((((....))))))))))))))),0.8207677342949549
R2307TS419_4,casp17,.((((((((((((....)))))((((....)))).[[[[[)))))))..(((((((((]]]]]((((....))))((((((....))))))))))))))),0.8207677342949549
R2307TS272_1,casp17,.((((((((((((....)))))((((....)))).[[[[[)))))))..(((((((((]]]]]((((....))))((((((....))))))))))))))),0.8207677342949549
R2307TS272_3,casp17,.((((((((((((....)))))((((....)))).[[[[[)))))))..(((((((((]]]]]((((....))))((((((....))))))))))))))),0.8207677342949549
R2307TS272_4,casp17,.((((((((((((....)))))((((....)))).[[[[[)))))))..(((((((((]]]]]((((....))))((((((....))))))))))))))),0.8207677342949549
R2307TS355_1,casp17,.((((((((((((....)))))((((....)))).((((()))))))..((((((((()))))((((....))))((((((....))))))))))))))),0.8207677342949549
R2307TS315_5,casp17,.((((((((((((....)))))((((....)))).[[[[[)))))))..(((((((((]]]]]((((....))))((((((....))))))))))))))),0.8207677342949549
R2307TS272_5,casp17,.((((((((((((....)))))((((....)))).[[[[[)))))))..(((((((((]]]]]((((....))))((((((....))))))))))))))),0.8207677342949549
R2307TS419_2,casp17,.((((((((((((....)))))((((....)))).[[[[[)))))))..(((((((((]]]]]((((....))))((((((....))))))))))))))),0.8207677342949549
R2307TS403_3,casp17,.((((((((((((....)))))((((....)))).[[[[[)))))))..(((((((((]]]]]((((....))))((((((....))))))))))))))),0.8207677342949549
R2307TS419_5,casp17,.((((((((((((....)))))((((....)))).[[[[[)))))))..(((((((((]]]]]((((....))))((((((....))))))))))))))),0.8207677342949549
R2307TS073_2,casp17,.((((((((((((....)))))((((....)))).[[[[[)))))))..(((((((((]]]]]((((....))))((((((....))))))))))))))),0.8207677342949549
R2307TS078_2,casp17,.((((((((((((....)))))((((....)))).[[[[[)))))))..(((((((((]]]]]((((....))))((((((....))))))))))))))),0.8207677342949549
R2307TS468_1,casp17,.((((((((((((....)))))((((....)))).[[[[[)))))))..(((((((((]]]]]((((....))))((((((....))))))))))))))),0.8207677342949549
R2307TS439_5,casp17,.((((((((((((....)))))((((....)))).[[[[[)))))))..(((((((((]]]]]((((....))))((((((....))))))))))))))),0.8207677342949549
R2307TS073_1,casp17,.((((((((((((....)))))((((....)))).[[[[[)))))))..(((((((((]]]]]((((....))))((((((....))))))))))))))),0.8207677342949549
R2307TS439_1,casp17,.((((((((((((....)))))((((....)))).[[[[[)))))))..(((((((((]]]]]((((....))))((((((....))))))))))))))),0.8207677342949549
R2307TS468_3,casp17,...((((((((((....)))))((((....)))).[[[[[)))))....(((((((((]]]]].(((....))).((((((....))))))))))))))),0.7858995350402879
R2307TS494_1,casp17,.((((((.(((((....)))))((((....)))).[[[[[[))))))..((((((((]]]]]]((((....))))((((((....)))))).)))))))),0.766899766899767
R2307TS161_5,casp17,.((((((.(((((....)))))((((....)))).[[[[[[))))))..((((((((]]]]]]((((....))))((((((....)))))).)))))))),0.766899766899767
R2307TS034_3,casp17,.((((((.(((((....)))))((((....)))).[[[[[[))))))..((((((((]]]]]]((((....))))((((((....)))))).)))))))),0.766899766899767
R2307TS581_2,casp17,.((((((.(((((....)))))((((....)))).[[[[[[))))))..((((((((]]]]]]((((....))))((((((....)))))).)))))))),0.766899766899767
R2307TS033_4,casp17,.((((((((((((....)))))((((....)))).[[[[[)))))))..((((((((.]]]]]((((....))))((((((....)))))).)))))))),0.7668997668997669
R2307TS033_5,casp17,.((((((((((((....)))))((((....)))).[[[[[)))))))..((((((((.]]]]]((((....))))((((((....)))))).)))))))),0.7668997668997669
R2307TS738_5,casp17,.((((((((((((....)))))((((....)))).[[[[.)))))))..(((((((((.]]]]((((....))))((((((....))))))))))))))),0.7668997668997669
R2307TS033_3,casp17,.((((((((((((....)))))((((....)))).[[[[[)))))))..((((((((.]]]]]((((....))))((((((....)))))).)))))))),0.7668997668997669
R2307TS272_2,casp17,.((((((((((((....)))))((((....)))).[[[[[)))))))..((((((((.]]]]]((((....))))((((((....)))))).)))))))),0.7668997668997669
R2307TS738_3,casp17,.((((((((((((....)))))((((....)))).[[[[.)))))))..(((((((((.]]]]((((....))))((((((....))))))))))))))),0.7668997668997669
R2307TS625_2,casp17,.((((((((((((....)))))((((....)))).[[[[[)))))))..((((((((.]]]]]((((....))))((((((....)))))).)))))))),0.7668997668997669
R2307TS177_3,casp17,.((((((((((((....)))))((((....)))).[[[[[)))))))..((((((((.]]]]]((((....))))((((((....)))))).)))))))),0.7668997668997669
R2307TS755_5,casp17,.((((((((((((....)))))((((....)))).[[[[[)))))))..((((((((.]]]]]((((....))))((((((....)))))).)))))))),0.7668997668997669
R2307TS034_4,casp17,.((((((((((((....)))))((((....)))).[[[[[)))))))..((((((((.]]]]]((((....))))((((((....)))))).)))))))),0.7668997668997669
R2307TS755_3,casp17,.((((((((((((....)))))((((....)))).[[[[[)))))))..((((((((.]]]]]((((....))))((((((....)))))).)))))))),0.7668997668997669
R2307TS770_1,casp17,.((((((((((((....)))))((((....)))).[[[[[)))))))..((((((((.]]]]]((((....))))((((((....)))))).)))))))),0.7668997668997669
R2307TS770_2,casp17,.((((((((((((....)))))((((....)))).[[[[[)))))))..((((((((.]]]]]((((....))))((((((....)))))).)))))))),0.7668997668997669
R2307TS770_3,casp17,.((((((((((((....)))))((((....)))).[[[[[)))))))..((((((((.]]]]]((((....))))((((((....)))))).)))))))),0.7668997668997669
Mol9.out.8,farfar2,.((((((.(((((....)))))((((....)))).[[[[[.))))))..(((((((((]]]]]((((....))))((((((....))))))))))))))),0.7668997668997669
R2307TS161_3,casp17,.((((((((((((....)))))((((....)))).[[[[[)))))))..((((((((.]]]]]((((....))))((((((....)))))).)))))))),0.7668997668997669
R2307TS315_2,casp17,.((((((((((((....)))))((((....)))).[[[[[)))))))..((((((((.]]]]]((((....))))((((((....)))))).)))))))),0.7668997668997669
R2307TS161_2,casp17,.((((((((((((....)))))((((....)))).[[[[[)))))))..((((((((.]]]]]((((....))))((((((....)))))).)))))))),0.7668997668997669
Mol9.out.5,farfar2,(((((((.(((((....)))))((((....)))).[[[[[.))))))).((((((((.]]]]]((((....))))((((((....)))))).)))))))),0.7668997668997669
R2307TS078_5,casp17,.((((((((((((....)))))((((....)))).[[[[[)))))))..((((((((.]]]]]((((....))))((((((....)))))).)))))))),0.7668997668997669
R2307TS078_3,casp17,.((((((((((((....)))))((((....)))).[[[[[)))))))..((((((((.]]]]]((((....))))((((((....)))))).)))))))),0.7668997668997669
R2307TS625_1,casp17,.((((((((((((....)))))((((....)))).[[[[[)))))))..((((((((.]]]]]((((....))))((((((....)))))).)))))))),0.7668997668997669
R2307TS468_4,casp17,.((((((((((((....)))))((((....)))).[[[[.)))))))..(((((((((.]]]]((((....))))((((((....))))))))))))))),0.7668997668997669
R2307TS033_1,casp17,.((((((((((((....)))))((((....)))).[[[[[)))))))..((((((((.]]]]]((((....))))((((((....)))))).)))))))),0.7668997668997669
R2307TS552_4,casp17,.((((((((((((....)))))((((....)))).[[[[[)))))))..((((((((.]]]]]((((....))))((((((....)))))).)))))))),0.7668997668997669
R2307TS494_3,casp17,.((((((((((((....)))))((((....))))..[[[[)))))))..(((((((((.]]]]((((....))))((((((....))))))))))))))),0.7668997668997669
R2307TS439_3,casp17,.((((((((((((....)))))((((....)))).[[[[[)))))))..((((((((.]]]]]((((....))))((((((....)))))).)))))))),0.7668997668997669
R2307TS315_4,casp17,.((((((((((((....)))))((((....)))).[[[[[)))))))..((((((((.]]]]]((((....))))((((((....)))))).)))))))),0.7668997668997669
R2307TS581_4,casp17,.((((((((((((....)))))((((....)))).[[[[[)))))))...((((((((]]]]]((((....))))((((((....)))))))))))))).,0.7668997668997669
R2307TS403_5,casp17,.((((((((((((....)))))((((....)))).[[[[[)))))))..((((((((.]]]]]((((....))))((((((....)))))).)))))))),0.7668997668997669
R2307TS357_4,casp17,.((((((((((((....)))))((((....)))).[[[[[)))))))..((((((((.]]]]]((((....))))((((((....)))))).)))))))),0.7668997668997669
R2307TS531_5,casp17,.((((((((((((....)))))((((....)))).[[[[[)))))))..((((((((.]]]]]((((....))))((((((....)))))).)))))))),0.7668997668997669
R2307TS575_3,casp17,..(((((((((((....)))))((((....)))).[[[[[))))))...(((((((((]]]]]((((....))))((((((....))))))))))))))),0.7668997668997668
R2307TS575_2,casp17,..(((((((((((....)))))((((....)))).[[[[[))))))...(((((((((]]]]]((((....))))((((((....))))))))))))))),0.7668997668997668
R2307TS531_3,casp17,..(((((((((((....)))))((((....)))).[[[[[))))))...(((((((((]]]]]((((....))))((((((....))))))))))))))),0.7668997668997668
R2307TS403_2,casp17,..(((((((((((....)))))((((....)))).[[[[[))))))...(((((((((]]]]]((((....))))((((((....))))))))))))))),0.7668997668997668
R2307TS575_5,casp17,..(((((((((((....)))))((((....)))).[[[[[))))))...(((((((((]]]]]((((....))))((((((....))))))))))))))),0.7668997668997668
R2307TS522_5,casp17,..(((((((((((....)))))((((....)))).[[[[[))))))...(((((((((]]]]]((((....))))((((((....))))))))))))))),0.7668997668997668
R2307TS522_1,casp17,..(((((((((((....)))))((((....)))).[[[[[))))))...(((((((((]]]]]((((....))))((((((....))))))))))))))),0.7668997668997668
R2307TS078_1,casp17,..(((((((((((....)))))((((....)))).[[[[[))))))...(((((((((]]]]]((((....))))((((((....))))))))))))))),0.7668997668997668
R2307TS575_4,casp17,..(((((((((((....)))))((((....)))).[[[[[))))))...(((((((((]]]]]((((....))))((((((....))))))))))))))),0.7668997668997668
R2307TS597_2,casp17,.((((((((((((....)))))((((....)))).[[.[[)))))))..(((((((((.]]]]((((....))))((((((....))))))))))))))),0.7668997668997668
R2307TS575_1,casp17,..(((((((((((....)))))((((....)))).[[[[[))))))...(((((((((]]]]]((((....))))((((((....))))))))))))))),0.7668997668997668
R2307TS755_1,casp17,..(((((((((((....)))))((((....)))).[[[[[))))))...(((((((((]]]]]((((....))))((((((....))))))))))))))),0.7668997668997668
R2307TS597_5,casp17,.((((((((((((....)))))((((....))))..[[[[)))))))..(((((((((]]]].((((....))))((((((....))))))))))))))),0.7668997668997668
R2307TS697_4,casp17,..(((((((((((....)))))((((....)))).[[[[[))))))...(((((((((]]]]]((((....))))((((((....))))))))))))))),0.7668997668997668
R2307TS355_5,casp17,.((((((..((((....))))..(((....)))..[[[[[.))))))..(((((((((]]]]].(((....))).((((((....))))))))))))))),0.744101507650034
R2307TS859_4,casp17,.((((((((((((....)))))((((....)))).[[.[.)))))))..(((((((((..]]]((((....))))((((((....))))))))))))))),0.7189787465447568
R2307TS170_3,casp17,..(((((.(((((....)))))((((....)))).[[[[[.)))))...(((((((((]]]]]((((....))))((((((....))))))))))))))),0.7189787465447568
R2307TS170_1,casp17,.((((((.(((((....)))))((((....)))).[[[[[.))))))..((((((((.]]]]]((((....))))((((((....)))))).)))))))),0.7189787465447568
R2307TS581_1,casp17,.((((((((((((....)))))((((....)))).[[[..)))))))..(((((((((..]]]((((....))))((((((....))))))))))))))),0.7189787465447568
R2307TS488_2,casp17,.((((((((((((....)))))((((....)))).[.[[.)))))))..(((((((((..]]]((((....))))((((((....))))))))))))))),0.7189787465447567
R2307TS494_5,casp17,.((((((((((((....))))).(((....)))..[[[[[)))))))..((((((((.]]]]]((((....))))((((((....)))))).)))))))),0.7189787465447567
R2307TS439_2,casp17,.((((((((((((....)))))((((....))))...[[[)))))))..(((((((((]]]..((((....))))((((((....))))))))))))))),0.7189787465447567
R2307TS033_2,casp17,..(((((((((((....)))))((((....)))).[[[[[))))))...((((((((.]]]]]((((....))))((((((....)))))).)))))))),0.7189787465447567
R2307TS859_5,casp17,.((((((((((((....)))))((((....))))..[[[.)))))))..(((((((((..]]]((((....))))((((((....))))))))))))))),0.7189787465447567
R2307TS177_5,casp17,.((((((((((((....)))))((((....))))..[[[[)))))))..(((((((((]]]](((((....))))).((((....))))..))))))))),0.7189787465447567
R2307TS859_3,casp17,.((((((((((((....)))))((((....)))).[.[[.)))))))..(((((((((..]]]((((....))))((((((....))))))))))))))),0.7189787465447567
R2307TS802_5,casp17,.((((((((((((....)))))((((....))))..[[[.)))))))..(((((((((..]]]((((....))))((((((....))))))))))))))),0.7189787465447567
R2307TS770_4,casp17,.((((((((((((....)))))((((....))))..[[[[)))))))..((((((((..]]]]((((....))))((((((....)))))).)))))))),0.7189787465447567
R2307TS439_4,casp17,.((((((((((((....)))))((((....))))([[[[))))))))..(((((((((.]]]]((((....)))).(((((....))))).))))))))),0.7086247086247086
R2307TS552_5,casp17,.((((((((((((....)))))(((.......)))[[[[[)))))))..(((((((((]]]]]((((....))))((((((....))))))))))))))),0.7086247086247086
R2307TS597_1,casp17,....(((((((((....)))))((((....)))).[[[[[))))......((((((((]]]]].(((....))).((((((....)))))))))))))).,0.7058891543857988
R2307TS170_5,casp17,.((((((((((((....)))))((((....))))...[[.)))))))..(((((((((.]]..((((....))))((((((....))))))))))))))),0.6758295721494914
R2307TS770_5,casp17,.((((((((((((....)))))((((....))))..[[..)))))))..(((((((((.]]..((((....))))((((((....))))))))))))))),0.6758295721494912
R2307TS488_3,casp17,.((((((((((((....)))))((((....))))...[[.)))))))..(((((((((..]].((((....))))((((((....))))))))))))))),0.6758295721494912
R2307TS355_3,casp17,.((.(((..((((....)))).((((....)))).[[[[..))).))..((((.((((.]]]].(((....)))..(((((....))))).)))).)))),0.638019953093472
R2307TS488_1,casp17,.((((((((((((....)))))((((....))))......)))))))..(((((((((.....((((....))))((((((....))))))))))))))),0.6005325641789633
R2307TS859_1,casp17,.((((((((((((....)))))((((....))))......)))))))..(((((((((.....((((....))))((((((....))))))))))))))),0.6005325641789633
R2307TS859_2,casp17,.((((((((((((....)))))((((....))))......)))))))..(((((((((.....((((....))))((((((....))))))))))))))),0.6005325641789633
R2307TS494_4,casp17,.(((((((..(((....)))((((((....)))).))...)))))))..(((((((((.....((((....))))((((((....))))))))))))))),0.6005325641789633
R2307TS488_5,casp17,.((((((((((((....)))))((((....))))......)))))))..(((((((((.....((((....))))((((((....))))))))))))))),0.6005325641789633
R2307TS581_3,casp17,.((((((((((((....)))))((((....))))......)))))))..(((((((((.....((((....))))((((((....))))))))))))))),0.6005325641789633
R2307TS315_3,casp17,.(((((((....(....)(((((((.......))))))).)))))))..(((((((((.....((((....))))((((((....))))))))))))))),0.5154318497851419
R2307TS355_2,casp17,((((((((..(((....))).((((......))).)....))))))).)((((((((.....(((((....)))))(((((....)))))..)))))))),0.48513977263976477
R2307TS355_4,casp17,.(((((((.((((....)))).((((....)))).[[[[[)))))))..((((((.(.]]]]]((((....))))................)..)))))),0.4794361189647589
R2307TS581_5,casp17,....(......((.((........))....................(......).................................))....)......,0.047543305488044564
R2307TS357_2,casp17,.(.................(.........).........(((.......))).........(.(.........).)..................).....,0.005565678320099108
